id,todoText,created_timestamp,completed
14,sddf g,2022-06-19 09:06:30.49657,2022-06-19 09:10:28.439
13,sdfg,2022-06-19 09:06:23.41276,2022-06-19 09:10:29.206
12,lklk,2022-06-19 07:07:37.159943,2022-06-19 09:10:29.822
11,hello grandad,2022-06-19 07:07:01.125173,2022-06-19 09:10:30.318
10,asdf,2022-06-19 07:06:49.280092,2022-06-19 09:10:31.329
9,saj,2022-06-19 07:06:47.782177,2022-06-19 09:10:32.232
8,kk,2022-06-19 06:25:36.946984,2022-06-19 09:10:32.769
7,k,2022-06-19 06:25:34.998635,2022-06-19 09:10:33.34
6,put up mirror,2022-06-19 06:14:49.914558,2022-06-19 09:10:33.843
5,Run for for mayre,2022-06-19 06:14:39.472715,2022-06-19 09:10:34.362
4,hello,2022-06-19 06:00:31.550923,2022-06-19 09:10:35.619
3,godson,2022-06-18 09:28:05.37397,2022-06-19 09:10:36.487
2,homer,2022-06-18 09:28:02.46431,2022-06-19 09:10:37.343
1,john,2022-06-18 09:27:58.947553,2022-06-19 09:10:38.215
15,kjkj,2022-06-19 09:10:39.898921,
